SQL> REM CONSULTA 17
SQL> DELETE FROM PLAN_DOCENTE
  2  WHERE DNI=4444;

3 rows deleted.

SQL> DELETE FROM PLAN_DOCENTE
  2  WHERE DNI=1010;

3 rows deleted.

SQL> REM CONSULTA 22
SQL> DELETE FROM PLAN_DOCENTE
  2  WHERE DNI=2222;

2 rows deleted.

SQL> REM CONSULTA 23
SQL> SELECT *
  2  FROM PLAN_DOCENTE
  3  ;

       DNI        CAS        CTA        CPA        CLA FI        FF             
---------- ---------- ---------- ---------- ---------- --------- ---------      
      1111          8          3        1.5        1.5 01-SEP-07 31-AUG-09      
      1111          8          3          0          0 01-SEP-09                
      3030          8          0        1.5        1.5 01-SEP-09                
      3333          2        1.5        1.5          3 01-SEP-08                
      9999          7          3          3          0 01-SEP-10                
      5555          6          3          3          0 31-MAR-10                
      6666         10          3        1.5        1.5 01-SEP-08 31-AUG-11      
      8888         11          6          0          0 01-SEP-09                
      2020          3        1.5          0        1.5 01-SEP-08                
      7777         12        4.5          3          0 01-SEP-10                
      3333          9        1.5          0        1.5 01-SEP-09                

11 rows selected.

SQL> REM CONSULTA 24
SQL> INSERT INTO PLAN_DOCENTE
  2  VALUES(1010,9,1.5,0,1.5,'01-SEP-09',NULL);

1 row created.

SQL> REM CONSULTA 25
SQL> SELECT * FROM PLAN_DOCENTE;

       DNI        CAS        CTA        CPA        CLA FI        FF             
---------- ---------- ---------- ---------- ---------- --------- ---------      
      1111          8          3        1.5        1.5 01-SEP-07 31-AUG-09      
      1111          8          3          0          0 01-SEP-09                
      3030          8          0        1.5        1.5 01-SEP-09                
      3333          2        1.5        1.5          3 01-SEP-08                
      9999          7          3          3          0 01-SEP-10                
      5555          6          3          3          0 31-MAR-10                
      6666         10          3        1.5        1.5 01-SEP-08 31-AUG-11      
      8888         11          6          0          0 01-SEP-09                
      2020          3        1.5          0        1.5 01-SEP-08                
      7777         12        4.5          3          0 01-SEP-10                
      3333          9        1.5          0        1.5 01-SEP-09                

       DNI        CAS        CTA        CPA        CLA FI        FF             
---------- ---------- ---------- ---------- ---------- --------- ---------      
      1010          9        1.5          0        1.5 01-SEP-09                

12 rows selected.

SQL> ROLLBACK WORK
  2  ;

Rollback complete.

SQL> SELECT * FROM PLAN_DOCENTE
  2  ;

       DNI        CAS        CTA        CPA        CLA FI        FF             
---------- ---------- ---------- ---------- ---------- --------- ---------      
      4444          1          3        1.5        1.5 01-SEP-11                
      4444          4        1.5          0        1.5 01-SEP-08 31-AUG-10      
      4444          5          3          0          0 01-SEP-10                
      1111          8          3        1.5        1.5 01-SEP-07 31-AUG-09      
      1111          8          3          0          0 01-SEP-09                
      3030          8          0        1.5        1.5 01-SEP-09                
      2222          4        1.5          0        1.5 01-SEP-09                
      2222          3        1.5          0        1.5 01-SEP-06 31-AUG-07      
      1010          2        1.5        1.5          3 01-SEP-05 31-AUG-08      
      3333          2        1.5        1.5          3 01-SEP-08                
      1010          9          3          0          3 01-SEP-08 31-AUG-09      

       DNI        CAS        CTA        CPA        CLA FI        FF             
---------- ---------- ---------- ---------- ---------- --------- ---------      
      1010          9        1.5          0        1.5 01-SEP-09                
      9999          7          3          3          0 01-SEP-10                
      5555          6          3          3          0 31-MAR-10                
      6666         10          3        1.5        1.5 01-SEP-08 31-AUG-11      
      8888         11          6          0          0 01-SEP-09                
      2020          3        1.5          0        1.5 01-SEP-08                
      7777         12        4.5          3          0 01-SEP-10                
      3333          9        1.5          0        1.5 01-SEP-09                

19 rows selected.

SQL> SPOOL OFF
